[

    {
    "jam_operasional": "Jam operasional kami adalah hari Senin sampai Jumat, pukul 08.00 hingga 17.00 WIB.",
    "alamat": "Jalan Merdeka No. 123, Jakarta.",
    "kontak": "Anda dapat menghubungi kami melalui email cs@perusahaan.com atau Telepon/WhatsApp +622112345678.",
    "pengiriman": "Pengiriman barang memakan waktu 2-5 hari kerja tergantung lokasi tujuan.",
    "pengembalian": "Barang yang ingin dikembalikan harus dalam kondisi baik dan dikembalikan dalam waktu 7 hari setelah penerimaan.",
    "cara_pembayaran": "Kami menerima pembayaran melalui transfer bank, kartu kredit, dan e-wallet populer.",
    "status_pesanan": "Untuk mengecek status pesanan, silakan masukkan nomor pesanan Anda di halaman tracking kami atau hubungi customer service.",
    "diskon": "Informasi diskon dapat dilihat pada promo resmi kami di website atau media sosial perusahaan.",
    "keluhan": "Jika Anda memiliki keluhan, silakan isi form keluhan di website kami atau hubungi customer service untuk bantuan lebih lanjut.",
    "produk_tersedia": "Untuk informasi produk yang tersedia, silakan kunjungi katalog online kami di website resmi."
    },

    {
    "id": "p001",
    "sku": "SKU001",
    "title": "Headphone SuperSound X1",
    "description": "Headphone berkualitas, noise cancelling, battery 20 jam. Garansi 1 tahun.",
    "price": 499000
    },

     {
    "id": "p002",
    "sku": "SKU002",
    "title": "Powerbank 20.000mAh FastCharge",
    "description": "Powerbank 20.000mAh, fast charging 45W, dua port USB-C.",
    "price": 249000
    }

]